CNPJ, NOME, EMISSAO, NUMERO, VALOR, CHAVE
05300331000322,Dairy Partners Americas Brasil Ltda,2013-09-04,85576,21569.41,NFe35130905300331000322550010000855761190274957
05300331000322,Dairy Partners Americas Brasil Ltda,2013-09-11,85770,37685.1,NFe35130905300331000322550010000857701565651232
05300331000322,Dairy Partners Americas Brasil Ltda,2013-09-11,85773,21062.71,NFe35130905300331000322550010000857731391228536
05300331000322,Dairy Partners Americas Brasil Ltda,2013-10-30,88066,67459.15,NFe35131005300331000322550010000880661954713568
05300331000322,Dairy Partners Americas Brasil Ltda,2013-10-30,88067,39932.68,NFe35131005300331000322550010000880671177517059
05300331000322,Dairy Partners Americas Brasil Ltda,2013-11-19,88870,36902.1,NFe35131105300331000322550010000888701617424510
05300331000322,Dairy Partners Americas Brasil Ltda,2013-11-19,88871,27142.67,NFe35131105300331000322550010000888711286850387
05300331000322,Dairy Partners Americas Brasil Ltda,2013-11-19,88926,37624.67,NFe35131105300331000322550010000889261435333958
05300331000322,Dairy Partners Americas Brasil Ltda,2013-11-19,88927,24538.37,NFe35131105300331000322550010000889271410057881
05300331000241,Dairy Partners Americas Brasil Ltda,2013-12-10,106323,73153.46,NFe35131205300331000241550010001063231234564066
05300331000241,Dairy Partners Americas Brasil Ltda,2013-12-10,106324,45597.93,NFe35131205300331000241550010001063241395919327
05300331000241,Dairy Partners Americas Brasil Ltda,2013-12-17,106917,69042.84,NFe35131205300331000241550010001069171762042944
05300331000241,Dairy Partners Americas Brasil Ltda,2013-12-17,106918,50707.15,NFe35131205300331000241550010001069181252117303
05300331000241,Dairy Partners Americas Brasil Ltda,2013-12-21,107250,62007.98,NFe35131205300331000241550010001072501473932305
05300331000241,Dairy Partners Americas Brasil Ltda,2013-12-21,107251,50764.9,NFe35131205300331000241550010001072511117878718
05300331000241,Dairy Partners Americas Brasil Ltda,2013-12-26,107663,58865.18,NFe35131205300331000241550010001076631152706661
05300331000241,Dairy Partners Americas Brasil Ltda,2013-12-27,107668,53808.01,NFe35131205300331000241550010001076681422891225
05300331000241,Dairy Partners Americas Brasil Ltda,2013-12-27,107669,57379.55,NFe35131205300331000241550010001076691001877100
05300331000241,Dairy Partners Americas Brasil Ltda,2014-01-25,115684,7641.44,NFe35140105300331000241550010001156841400052305
05300331000241,Dairy Partners Americas Brasil Ltda,2014-01-25,115685,63499.3,NFe35140105300331000241550010001156851404533844
05300331000241,Dairy Partners Americas Brasil Ltda,2014-01-25,115686,43935.31,NFe35140105300331000241550010001156861532264746
05300331000241,Dairy Partners Americas Brasil Ltda,2014-02-07,120460,52436.68,NFe35140205300331000241550010001204601764317072
05300331000241,Dairy Partners Americas Brasil Ltda,2014-02-07,120461,52611.59,NFe35140205300331000241550010001204611302886375
05300331000241,Dairy Partners Americas Brasil Ltda,2014-02-07,120462,6185.93,NFe35140205300331000241550010001204621555704043
05300331000241,Dairy Partners Americas Brasil Ltda,2014-02-15,123632,7641.46,NFe35140205300331000241550010001236321676556342
05300331000241,Dairy Partners Americas Brasil Ltda,2014-02-15,123634,49007.68,NFe35140205300331000241550010001236341688488775
05300331000241,Dairy Partners Americas Brasil Ltda,2014-02-15,123635,51779.68,NFe35140205300331000241550010001236351086327550
05300331000241,Dairy Partners Americas Brasil Ltda,2014-02-21,126047,58241.29,NFe35140205300331000241550010001260471344367488
05300331000241,Dairy Partners Americas Brasil Ltda,2014-02-21,126048,48417.91,NFe35140205300331000241550010001260481276015841
05300331000241,Dairy Partners Americas Brasil Ltda,2014-02-21,126049,7641.46,NFe35140205300331000241550010001260491141719120
05300331000241,Dairy Partners Americas Brasil Ltda,2014-02-27,128318,49099.81,NFe35140205300331000241550010001283181234658910
05300331000241,Dairy Partners Americas Brasil Ltda,2014-02-27,128319,52510.83,NFe35140205300331000241550010001283191779377674
05300331000241,Dairy Partners Americas Brasil Ltda,2014-02-27,128320,4730.42,NFe35140205300331000241550010001283201896789880
05300331000241,Dairy Partners Americas Brasil Ltda,2014-02-28,128934,26422.43,NFe35140205300331000241550010001289341189039800
05300331000241,Dairy Partners Americas Brasil Ltda,2014-02-28,128935,26770.98,NFe35140205300331000241550010001289351567585407
05300331000241,Dairy Partners Americas Brasil Ltda,2014-02-28,128936,4366.53,NFe35140205300331000241550010001289361065276693
05300331000241,Dairy Partners Americas Brasil Ltda,2014-03-07,130961,67000.56,NFe35140305300331000241550010001309611710440978
05300331000241,Dairy Partners Americas Brasil Ltda,2014-03-07,130962,42768.18,NFe35140305300331000241550010001309621387614032
05300331000241,Dairy Partners Americas Brasil Ltda,2014-03-07,130963,6913.69,NFe35140305300331000241550010001309631811765338
05300331000241,Dairy Partners Americas Brasil Ltda,2014-03-14,133552,51849.33,NFe35140305300331000241550010001335521440437654
05300331000241,Dairy Partners Americas Brasil Ltda,2014-03-14,133553,49847.91,NFe35140305300331000241550010001335531894350390
05300331000241,Dairy Partners Americas Brasil Ltda,2014-03-14,133554,8733.08,NFe35140305300331000241550010001335541675531345
05300331000241,Dairy Partners Americas Brasil Ltda,2014-03-22,136373,43245.83,NFe35140305300331000241550010001363731524962094
05300331000241,Dairy Partners Americas Brasil Ltda,2014-03-22,136374,6256.03,NFe35140305300331000241550010001363741473710139
05300331000241,Dairy Partners Americas Brasil Ltda,2014-03-22,136375,47665.15,NFe35140305300331000241550010001363751165754760
05300331000241,Dairy Partners Americas Brasil Ltda,2014-03-22,136376,6913.7,NFe35140305300331000241550010001363761460893471
05300331000241,Dairy Partners Americas Brasil Ltda,2014-03-27,138353,25000.45,NFe35140305300331000241550010001383531131490290
05300331000241,Dairy Partners Americas Brasil Ltda,2014-03-27,138354,59881.2,NFe35140305300331000241550010001383541427673664
05300331000241,Dairy Partners Americas Brasil Ltda,2014-03-28,138838,56753.28,NFe35140305300331000241550010001388381437468692
05300331000241,Dairy Partners Americas Brasil Ltda,2014-03-28,138839,40774.61,NFe35140305300331000241550010001388391080390713
05300331000241,Dairy Partners Americas Brasil Ltda,2014-03-28,138840,9054.12,NFe35140305300331000241550010001388401375497269
05300331000241,Dairy Partners Americas Brasil Ltda,2014-03-28,138841,9096.96,NFe35140305300331000241550010001388411340790684
05300331000241,Dairy Partners Americas Brasil Ltda,2014-04-04,142045,48675.66,NFe35140405300331000241550010001420451818079960
05300331000241,Dairy Partners Americas Brasil Ltda,2014-04-04,142046,51570.92,NFe35140405300331000241550010001420461599329785
05300331000241,Dairy Partners Americas Brasil Ltda,2014-04-04,142047,1822.34,NFe35140405300331000241550010001420471410952882
05300331000241,Dairy Partners Americas Brasil Ltda,2014-04-04,142048,5822.05,NFe35140405300331000241550010001420481718330689
05300331000241,Dairy Partners Americas Brasil Ltda,2014-04-12,144727,4730.41,NFe35140405300331000241550010001447271183132493
05300331000241,Dairy Partners Americas Brasil Ltda,2014-04-12,144728,59771.47,NFe35140405300331000241550010001447281200917640
05300331000241,Dairy Partners Americas Brasil Ltda,2014-04-12,144729,42477.4,NFe35140405300331000241550010001447291957776418
05300331000241,Dairy Partners Americas Brasil Ltda,2014-04-12,144730,5596.17,NFe35140405300331000241550010001447301310172079
05300331000241,Dairy Partners Americas Brasil Ltda,2014-04-24,149035,19958.45,NFe35140405300331000241550010001490351804933624
05300331000241,Dairy Partners Americas Brasil Ltda,2014-04-24,149040,39699.05,NFe35140405300331000241550010001490401199085410
05300331000241,Dairy Partners Americas Brasil Ltda,2014-05-23,161595,55261.23,NFe35140505300331000241550010001615951103848523
05300331000241,Dairy Partners Americas Brasil Ltda,2014-05-23,161599,6684.13,NFe35140505300331000241550010001615991080858683
05300331000241,Dairy Partners Americas Brasil Ltda,2014-05-23,161600,52431.62,NFe35140505300331000241550010001616001082535345
05300331000241,Dairy Partners Americas Brasil Ltda,2014-05-31,165298,58226.42,NFe35140505300331000241550010001652981480720870
05300331000241,Dairy Partners Americas Brasil Ltda,2014-05-31,165300,8650.07,NFe35140505300331000241550010001653001519850213
05300331000241,Dairy Partners Americas Brasil Ltda,2014-06-06,167630,8650.06,NFe35140605300331000241550010001676301439766583
05300331000241,Dairy Partners Americas Brasil Ltda,2014-06-06,167631,3067.84,NFe35140605300331000241550010001676311730789036
05300331000241,Dairy Partners Americas Brasil Ltda,2014-06-06,167633,50055.88,NFe35140605300331000241550010001676331444342151
05300331000241,Dairy Partners Americas Brasil Ltda,2014-06-06,167634,67779.98,NFe35140605300331000241550010001676341453822346
05300331000241,Dairy Partners Americas Brasil Ltda,2014-06-13,170256,62240.98,NFe35140605300331000241550010001702561368930110
05300331000241,Dairy Partners Americas Brasil Ltda,2014-06-13,170257,51973.72,NFe35140605300331000241550010001702571365412094
05300331000241,Dairy Partners Americas Brasil Ltda,2014-06-13,170258,2300.88,NFe35140605300331000241550010001702581599114330
05300331000241,Dairy Partners Americas Brasil Ltda,2014-06-13,170259,7863.69,NFe35140605300331000241550010001702591993430641
05300331000241,Dairy Partners Americas Brasil Ltda,2014-06-18,171909,16244.4,NFe35140605300331000241550010001719091551068980
05300331000241,Dairy Partners Americas Brasil Ltda,2014-06-18,171910,31817.38,NFe35140605300331000241550010001719101493329900
05300331000241,Dairy Partners Americas Brasil Ltda,2014-06-18,171911,2359.1,NFe35140605300331000241550010001719111595652570
05300331000241,Dairy Partners Americas Brasil Ltda,2014-06-20,172584,50105.4,NFe35140605300331000241550010001725841360203961
05300331000241,Dairy Partners Americas Brasil Ltda,2014-06-20,172585,57123.99,NFe35140605300331000241550010001725851086553864
05300331000241,Dairy Partners Americas Brasil Ltda,2014-06-20,172586,934.03,NFe35140605300331000241550010001725861161158839
05300331000241,Dairy Partners Americas Brasil Ltda,2014-06-20,172587,3931.85,NFe35140605300331000241550010001725871150162233
05300331000241,Dairy Partners Americas Brasil Ltda,2014-06-20,172588,2300.88,NFe35140605300331000241550010001725881068336123
05300331000241,Dairy Partners Americas Brasil Ltda,2014-06-25,175101,270.55,NFe35140605300331000241550010001751011667180031
05300331000241,Dairy Partners Americas Brasil Ltda,2014-06-25,175106,270.55,NFe35140605300331000241550010001751061142785697
05300331000241,Dairy Partners Americas Brasil Ltda,2014-07-18,184479,65037.37,NFe35140705300331000241550010001844791167294765
05300331000241,Dairy Partners Americas Brasil Ltda,2014-07-18,184480,45526.89,NFe35140705300331000241550010001844801104533194
05300331000241,Dairy Partners Americas Brasil Ltda,2014-07-18,184481,6406.21,NFe35140705300331000241550010001844811188543045
05300331000241,Dairy Partners Americas Brasil Ltda,2014-07-18,184482,5504.58,NFe35140705300331000241550010001844821135186938
05300331000241,Dairy Partners Americas Brasil Ltda,2014-07-24,186694,56443.67,NFe35140705300331000241550010001866941366483963
05300331000241,Dairy Partners Americas Brasil Ltda,2014-07-24,186695,51692.45,NFe35140705300331000241550010001866951737137550
05300331000241,Dairy Partners Americas Brasil Ltda,2014-07-24,186696,7470.5,NFe35140705300331000241550010001866961094551799
05300331000241,Dairy Partners Americas Brasil Ltda,2014-07-24,186697,6135.66,NFe35140705300331000241550010001866971429770770
05300331000241,Dairy Partners Americas Brasil Ltda,2014-07-30,189460,9203.49,NFe35140705300331000241550010001894601884852103
05300331000241,Dairy Partners Americas Brasil Ltda,2014-07-30,189495,20326.51,NFe35140705300331000241550010001894951189031615
05300331000241,Dairy Partners Americas Brasil Ltda,2014-07-30,189496,20028.93,NFe35140705300331000241550010001894961016527837
05300331000241,Dairy Partners Americas Brasil Ltda,2014-07-31,189740,44814.47,NFe35140705300331000241550010001897401085704093
05300331000241,Dairy Partners Americas Brasil Ltda,2014-07-31,189741,53942.88,NFe35140705300331000241550010001897411971075742
05300331000241,Dairy Partners Americas Brasil Ltda,2014-07-31,189742,5111.39,NFe35140705300331000241550010001897421368295652
05300331000241,Dairy Partners Americas Brasil Ltda,2014-07-31,189743,6902.62,NFe35140705300331000241550010001897431665305463
05300331000241,Dairy Partners Americas Brasil Ltda,2014-07-31,189750,63376.67,NFe35140705300331000241550010001897501087051697
05300331000241,Dairy Partners Americas Brasil Ltda,2014-07-31,189751,48092.51,NFe35140705300331000241550010001897511665716430
05300331000241,Dairy Partners Americas Brasil Ltda,2014-07-31,189752,4105.34,NFe35140705300331000241550010001897521381373013
05300331000241,Dairy Partners Americas Brasil Ltda,2014-07-31,189753,5504.58,NFe35140705300331000241550010001897531784906416
05300331000241,Dairy Partners Americas Brasil Ltda,2014-08-14,194983,47678.78,NFe35140805300331000241550010001949831172986375
05300331000241,Dairy Partners Americas Brasil Ltda,2014-08-14,194984,53424.11,NFe35140805300331000241550010001949841155721781
05300331000241,Dairy Partners Americas Brasil Ltda,2014-08-14,194985,3338.39,NFe35140805300331000241550010001949851231838971
05300331000241,Dairy Partners Americas Brasil Ltda,2014-08-14,194986,7077.31,NFe35140805300331000241550010001949861994518591
05300331000241,Dairy Partners Americas Brasil Ltda,2014-08-23,198680,6135.66,NFe35140805300331000241550010001986801100391600
05300331000241,Dairy Partners Americas Brasil Ltda,2014-08-23,198698,7077.31,NFe35140805300331000241550010001986981353076928
05300331000241,Dairy Partners Americas Brasil Ltda,2014-08-23,198709,59465.22,NFe35140805300331000241550010001987091949062744
05300331000241,Dairy Partners Americas Brasil Ltda,2014-08-23,198719,50403.53,NFe35140805300331000241550010001987191152874799
05300331000241,Dairy Partners Americas Brasil Ltda,2014-08-27,200342,7173.17,NFe35140805300331000241550010002003421836641168
05300331000241,Dairy Partners Americas Brasil Ltda,2014-08-27,200343,7863.69,NFe35140805300331000241550010002003431787011787
05300331000241,Dairy Partners Americas Brasil Ltda,2014-08-27,200344,72824.05,NFe35140805300331000241550010002003441505219668
05300331000241,Dairy Partners Americas Brasil Ltda,2014-08-27,200345,42857.02,NFe35140805300331000241550010002003451788557109
05300331000241,Dairy Partners Americas Brasil Ltda,2014-08-28,201101,7173.17,NFe35140805300331000241550010002011011460193319
05300331000241,Dairy Partners Americas Brasil Ltda,2014-08-28,201108,72224.46,NFe35140805300331000241550010002011081393794272
05300331000241,Dairy Partners Americas Brasil Ltda,2014-08-28,201109,7863.68,NFe35140805300331000241550010002011091748196587
05300331000241,Dairy Partners Americas Brasil Ltda,2014-08-28,201110,37142.64,NFe35140805300331000241550010002011101078367051
05300331000241,Dairy Partners Americas Brasil Ltda,2014-08-28,201111,6071.22,NFe35140805300331000241550010002011111181085370
05300331000241,Dairy Partners Americas Brasil Ltda,2014-08-29,201389,29230.91,NFe35140805300331000241550010002013891320478710
05300331000241,Dairy Partners Americas Brasil Ltda,2014-08-29,201390,13791.5,NFe35140805300331000241550010002013901537794681
05300331000241,Dairy Partners Americas Brasil Ltda,2014-09-13,207221,69966.15,NFe35140905300331000241550010002072211788131495
05300331000241,Dairy Partners Americas Brasil Ltda,2014-09-13,207222,50155.08,NFe35140905300331000241550010002072221037087302
05300331000241,Dairy Partners Americas Brasil Ltda,2014-09-13,207223,5798.29,NFe35140905300331000241550010002072231012101562
05300331000241,Dairy Partners Americas Brasil Ltda,2014-09-13,207224,8178.66,NFe35140905300331000241550010002072241447145498
05300331000241,Dairy Partners Americas Brasil Ltda,2014-09-20,210245,2002.18,NFe35140905300331000241550010002102451951604567
05300331000241,Dairy Partners Americas Brasil Ltda,2014-09-20,210246,7769.73,NFe35140905300331000241550010002102461938713126
05300331000241,Dairy Partners Americas Brasil Ltda,2014-09-20,210247,5798.29,NFe35140905300331000241550010002102471331693410
05300331000241,Dairy Partners Americas Brasil Ltda,2014-09-20,210248,71966.48,NFe35140905300331000241550010002102481954550478
05300331000241,Dairy Partners Americas Brasil Ltda,2014-09-20,210249,47618.85,NFe35140905300331000241550010002102491201416020
05300331000241,Dairy Partners Americas Brasil Ltda,2014-09-25,213030,64548.55,NFe35140905300331000241550010002130301004876916
05300331000241,Dairy Partners Americas Brasil Ltda,2014-09-25,213031,52001.13,NFe35140905300331000241550010002130311220654222
05300331000241,Dairy Partners Americas Brasil Ltda,2014-09-25,213032,5115.99,NFe35140905300331000241550010002130321249760125
05300331000241,Dairy Partners Americas Brasil Ltda,2014-09-25,213033,7769.73,NFe35140905300331000241550010002130331106130010
05300331000241,Dairy Partners Americas Brasil Ltda,2014-09-27,213728,48148.52,NFe35140905300331000241550010002137281399436337
05300331000241,Dairy Partners Americas Brasil Ltda,2014-09-27,213729,55873.27,NFe35140905300331000241550010002137291464113387
05300331000241,Dairy Partners Americas Brasil Ltda,2014-09-27,213730,24159.52,NFe35140905300331000241550010002137301294481837
05300331000241,Dairy Partners Americas Brasil Ltda,2014-10-04,216442,62680.23,NFe35141005300331000241550010002164421953958800
05300331000241,Dairy Partners Americas Brasil Ltda,2014-10-04,216443,5115.99,NFe35141005300331000241550010002164431381297037
05300331000241,Dairy Partners Americas Brasil Ltda,2014-10-04,216444,8587.58,NFe35141005300331000241550010002164441671245045
05300331000241,Dairy Partners Americas Brasil Ltda,2014-10-04,216445,50389.86,NFe35141005300331000241550010002164451957907578
67795914000248,COM E IND DE MASSAS MASSA LEVE,2014-10-22,535782,6194.72,NFe35141067795914000248550010005357821108242040
05300331000241,Dairy Partners Americas Brasil Ltda,2014-11-27,240733,80874.9,NFe35141105300331000241550010002407331564612583
05300331000241,Dairy Partners Americas Brasil Ltda,2014-11-27,240734,46481.94,NFe35141105300331000241550010002407341991168073
05300331000241,Dairy Partners Americas Brasil Ltda,2014-11-27,240735,6082.38,NFe35141105300331000241550010002407351602412439
05300331000241,Dairy Partners Americas Brasil Ltda,2014-11-27,240736,3271.46,NFe35141105300331000241550010002407361958848731
05300331000241,Dairy Partners Americas Brasil Ltda,2014-11-27,240748,38531.92,NFe35141105300331000241550010002407481794863670
05300331000241,Dairy Partners Americas Brasil Ltda,2014-11-27,240749,21813.51,NFe35141105300331000241550010002407491119659927
05300331000241,Dairy Partners Americas Brasil Ltda,2014-11-27,240750,2044.66,NFe35141105300331000241550010002407501232165579
05300331000241,Dairy Partners Americas Brasil Ltda,2014-11-27,240751,3865.53,NFe35141105300331000241550010002407511975317915
05300331000241,Dairy Partners Americas Brasil Ltda,2014-12-04,244062,76750.9,NFe35141205300331000241550010002440621420750631
05300331000241,Dairy Partners Americas Brasil Ltda,2014-12-04,244063,30974.79,NFe35141205300331000241550010002440631938108555
05300331000241,Dairy Partners Americas Brasil Ltda,2014-12-04,244064,14353.66,NFe35141205300331000241550010002440641643768810
05300331000241,Dairy Partners Americas Brasil Ltda,2014-12-04,244065,6082.38,NFe35141205300331000241550010002440651284899073
05300331000241,Dairy Partners Americas Brasil Ltda,2014-12-04,244066,2862.52,NFe35141205300331000241550010002440661992555922
05300331000241,Dairy Partners Americas Brasil Ltda,2014-12-23,253145,46872.96,NFe35141205300331000241550010002531451443887203
05300331000241,Dairy Partners Americas Brasil Ltda,2014-12-23,253146,37956.25,NFe35141205300331000241550010002531461052696156
05300331000241,Dairy Partners Americas Brasil Ltda,2014-12-23,253147,2453.6,NFe35141205300331000241550010002531471503264040
05300331000241,Dairy Partners Americas Brasil Ltda,2014-12-23,253148,4831.9,NFe35141205300331000241550010002531481173343259
05300331000241,Dairy Partners Americas Brasil Ltda,2014-12-23,253149,570.64,NFe35141205300331000241550010002531491174009775
05300331000241,Dairy Partners Americas Brasil Ltda,2014-12-24,253518,73058.8,NFe35141205300331000241550010002535181555153486
05300331000241,Dairy Partners Americas Brasil Ltda,2014-12-24,253519,42494.59,NFe35141205300331000241550010002535191384422345
05300331000241,Dairy Partners Americas Brasil Ltda,2014-12-24,253520,7048.76,NFe35141205300331000241550010002535201008152680
05300331000241,Dairy Partners Americas Brasil Ltda,2014-12-24,253521,2453.6,NFe35141205300331000241550010002535211683344719
05300331000241,Dairy Partners Americas Brasil Ltda,2014-12-31,256052,78720.07,NFe35141205300331000241550010002560521082905409
05300331000241,Dairy Partners Americas Brasil Ltda,2014-12-31,256053,39407.1,NFe35141205300331000241550010002560531616597090
05300331000241,Dairy Partners Americas Brasil Ltda,2014-12-31,256054,3271.45,NFe35141205300331000241550010002560541600435077
05300331000241,Dairy Partners Americas Brasil Ltda,2014-12-31,256055,6764.67,NFe35141205300331000241550010002560551880896450
05300331000241,Dairy Partners Americas Brasil Ltda,2014-12-31,256312,11066.61,NFe35141205300331000241550010002563121471770971
05300331000241,Dairy Partners Americas Brasil Ltda,2014-12-31,256313,5798.29,NFe35141205300331000241550010002563131657874081
05300331000241,Dairy Partners Americas Brasil Ltda,2014-12-31,256314,14721.71,NFe35141205300331000241550010002563141583748190
67795914000248,COM E IND DE MASSAS MASSA LEVE,2014-12-19,548770,5274.86,NFe35141267795914000248550010005487701567484480
05300331000241,Dairy Partners Americas Brasil Ltda,2015-01-18,262937,51480.25,NFe35150105300331000241550010002629371362846627
05300331000241,Dairy Partners Americas Brasil Ltda,2015-01-18,262938,76223.66,NFe35150105300331000241550010002629381940507941
05300331000241,Dairy Partners Americas Brasil Ltda,2015-01-18,262939,4831.9,NFe35150105300331000241550010002629391124996421
05300331000241,Dairy Partners Americas Brasil Ltda,2015-01-18,262940,4610.0,NFe35150105300331000241550010002629401384140501
05300331000241,Dairy Partners Americas Brasil Ltda,2015-01-27,267325,91129.39,NFe35150105300331000241550010002673251978879457
05300331000241,Dairy Partners Americas Brasil Ltda,2015-01-27,267326,40932.28,NFe35150105300331000241550010002673261566170385
05300331000241,Dairy Partners Americas Brasil Ltda,2015-01-27,267327,4190.93,NFe35150105300331000241550010002673271832665031
05300331000241,Dairy Partners Americas Brasil Ltda,2015-01-27,267328,4831.9,NFe35150105300331000241550010002673281189209536
05300331000241,Dairy Partners Americas Brasil Ltda,2015-01-31,270405,9663.81,NFe35150105300331000241550010002704051998423887
05300331000241,Dairy Partners Americas Brasil Ltda,2015-01-31,270406,36773.9,NFe35150105300331000241550010002704061925655297
05300331000241,Dairy Partners Americas Brasil Ltda,2015-01-31,270479,24723.07,NFe35150105300331000241550010002704791513516890
67795914000248,COM E IND DE MASSAS MASSA LEVE,2015-01-16,553458,5036.88,NFe35150167795914000248550010005534581118190433
67795914000248,COM E IND DE MASSAS MASSA LEVE,2015-01-26,555711,2943.18,NFe35150167795914000248550010005557111985910497
05300331000241,Dairy Partners Americas Brasil Ltda,2015-02-07,273397,5798.29,NFe35150205300331000241550010002733971606055604
05300331000241,Dairy Partners Americas Brasil Ltda,2015-02-07,273398,5798.29,NFe35150205300331000241550010002733981148099233
05300331000241,Dairy Partners Americas Brasil Ltda,2015-02-07,273399,4216.34,NFe35150205300331000241550010002733991610584165
05300331000241,Dairy Partners Americas Brasil Ltda,2015-02-07,273400,3373.05,NFe35150205300331000241550010002734001924275508
05300331000241,Dairy Partners Americas Brasil Ltda,2015-02-07,273402,85065.24,NFe35150205300331000241550010002734021618325018
05300331000241,Dairy Partners Americas Brasil Ltda,2015-02-07,273403,40158.72,NFe35150205300331000241550010002734031891165050
05300331000241,Dairy Partners Americas Brasil Ltda,2015-02-07,273404,45819.16,NFe35150205300331000241550010002734041298762280
05300331000241,Dairy Partners Americas Brasil Ltda,2015-02-07,273405,52113.73,NFe35150205300331000241550010002734051000380557
05300331000241,Dairy Partners Americas Brasil Ltda,2015-02-14,276959,83039.99,NFe35150205300331000241550010002769591527572300
05300331000241,Dairy Partners Americas Brasil Ltda,2015-02-14,276960,31613.25,NFe35150205300331000241550010002769601143365821
05300331000241,Dairy Partners Americas Brasil Ltda,2015-02-14,276961,7048.76,NFe35150205300331000241550010002769611662922320
05300331000241,Dairy Partners Americas Brasil Ltda,2015-02-14,276962,5902.87,NFe35150205300331000241550010002769621335196399
05300331000241,Dairy Partners Americas Brasil Ltda,2015-02-24,281095,75143.31,NFe35150205300331000241550010002810951288138262
05300331000241,Dairy Partners Americas Brasil Ltda,2015-02-24,281096,40589.9,NFe35150205300331000241550010002810961992872889
05300331000241,Dairy Partners Americas Brasil Ltda,2015-02-24,281097,3794.7,NFe35150205300331000241550010002810971337842848
05300331000241,Dairy Partners Americas Brasil Ltda,2015-02-24,281098,5798.29,NFe35150205300331000241550010002810981160881017
05300331000241,Dairy Partners Americas Brasil Ltda,2015-02-26,282366,40638.3,NFe35150205300331000241550010002823661452922586
05300331000241,Dairy Partners Americas Brasil Ltda,2015-02-26,282367,40342.63,NFe35150205300331000241550010002823671142513960
05300331000241,Dairy Partners Americas Brasil Ltda,2015-02-28,283635,79662.71,NFe35150205300331000241550010002836351117456611
05300331000241,Dairy Partners Americas Brasil Ltda,2015-02-28,283636,39747.8,NFe35150205300331000241550010002836361947440472
05300331000241,Dairy Partners Americas Brasil Ltda,2015-02-28,283637,7048.76,NFe35150205300331000241550010002836371690921721
05300331000241,Dairy Partners Americas Brasil Ltda,2015-02-28,283638,3373.05,NFe35150205300331000241550010002836381722450572
67795914000248,COM E IND DE MASSAS MASSA LEVE,2015-02-26,562220,8227.69,NFe35150267795914000248550010005622201255364837
05300331000241,Dairy Partners Americas Brasil Ltda,2015-03-07,286908,11596.57,NFe35150305300331000241550010002869081669958346
05300331000241,Dairy Partners Americas Brasil Ltda,2015-03-07,286909,37799.98,NFe35150305300331000241550010002869091012913633
05300331000241,Dairy Partners Americas Brasil Ltda,2015-03-07,286910,17258.38,NFe35150305300331000241550010002869101100110428
05300331000241,Dairy Partners Americas Brasil Ltda,2015-03-14,290216,76996.59,NFe35150305300331000241550010002902161252914092
05300331000241,Dairy Partners Americas Brasil Ltda,2015-03-14,290217,43586.75,NFe35150305300331000241550010002902171371339587
05300331000241,Dairy Partners Americas Brasil Ltda,2015-03-14,290218,5115.99,NFe35150305300331000241550010002902181524904185
05300331000241,Dairy Partners Americas Brasil Ltda,2015-03-14,290219,3794.7,NFe35150305300331000241550010002902191576521659
05300331000241,Dairy Partners Americas Brasil Ltda,2015-03-25,295637,58512.84,NFe35150305300331000241550010002956371218110380
05300331000241,Dairy Partners Americas Brasil Ltda,2015-03-25,295638,11210.74,NFe35150305300331000241550010002956381046574410
05300331000241,Dairy Partners Americas Brasil Ltda,2015-03-25,295639,2108.17,NFe35150305300331000241550010002956391504229827
05300331000241,Dairy Partners Americas Brasil Ltda,2015-03-25,295640,3865.53,NFe35150305300331000241550010002956401171263628
05300331000241,Dairy Partners Americas Brasil Ltda,2015-03-28,297105,99070.87,NFe35150305300331000241550010002971051186090964
05300331000241,Dairy Partners Americas Brasil Ltda,2015-03-28,297106,32006.56,NFe35150305300331000241550010002971061107835586
05300331000241,Dairy Partners Americas Brasil Ltda,2015-03-28,297107,6082.38,NFe35150305300331000241550010002971071442425286
05300331000241,Dairy Partners Americas Brasil Ltda,2015-03-28,297108,4637.96,NFe35150305300331000241550010002971081663980450
05300331000241,Dairy Partners Americas Brasil Ltda,2015-03-31,298656,3865.53,NFe35150305300331000241550010002986561463451533
05300331000241,Dairy Partners Americas Brasil Ltda,2015-03-31,298667,5481.24,NFe35150305300331000241550010002986671026553898
05300331000241,Dairy Partners Americas Brasil Ltda,2015-03-31,298740,106574.43,NFe35150305300331000241550010002987401900236761
05300331000241,Dairy Partners Americas Brasil Ltda,2015-03-31,298741,28670.5,NFe35150305300331000241550010002987411834390718
05300331000241,Dairy Partners Americas Brasil Ltda,2015-04-11,303097,74368.01,NFe35150405300331000241550010003030971684208799
05300331000241,Dairy Partners Americas Brasil Ltda,2015-04-11,303098,42752.98,NFe35150405300331000241550010003030981935968753
05300331000241,Dairy Partners Americas Brasil Ltda,2015-04-11,303099,6082.38,NFe35150405300331000241550010003030991632948303
05300331000241,Dairy Partners Americas Brasil Ltda,2015-04-11,303100,4216.34,NFe35150405300331000241550010003031001053451205
05300331000241,Dairy Partners Americas Brasil Ltda,2015-04-25,310104,1686.54,NFe35150405300331000241550010003101041641853702
05300331000241,Dairy Partners Americas Brasil Ltda,2015-04-25,310105,7378.25,NFe35150405300331000241550010003101051395984106
05300331000241,Dairy Partners Americas Brasil Ltda,2015-04-25,310114,79548.4,NFe35150405300331000241550010003101141789564717
05300331000241,Dairy Partners Americas Brasil Ltda,2015-04-25,310115,42844.78,NFe35150405300331000241550010003101151494696172
05300331000241,Dairy Partners Americas Brasil Ltda,2015-04-29,311658,15522.09,NFe35150405300331000241550010003116581163026420
05300331000241,Dairy Partners Americas Brasil Ltda,2015-04-29,311659,81933.36,NFe35150405300331000241550010003116591841056636
05300331000241,Dairy Partners Americas Brasil Ltda,2015-04-29,311660,14495.71,NFe35150405300331000241550010003116601952335011
05300331000241,Dairy Partners Americas Brasil Ltda,2015-04-30,311727,65050.32,NFe35150405300331000241550010003117271640690836
05300331000241,Dairy Partners Americas Brasil Ltda,2015-04-30,311728,52043.67,NFe35150405300331000241550010003117281133272526
05300331000241,Dairy Partners Americas Brasil Ltda,2015-04-30,311729,3373.06,NFe35150405300331000241550010003117291373964802
05300331000241,Dairy Partners Americas Brasil Ltda,2015-04-30,312437,51282.44,NFe35150405300331000241550010003124371914098542
05300331000241,Dairy Partners Americas Brasil Ltda,2015-05-19,319235,38955.07,NFe35150505300331000241550010003192351011648510
05300331000241,Dairy Partners Americas Brasil Ltda,2015-05-19,319236,71020.07,NFe35150505300331000241550010003192361956457742
05300331000241,Dairy Partners Americas Brasil Ltda,2015-05-19,319237,3794.69,NFe35150505300331000241550010003192371562276606
05300331000241,Dairy Partners Americas Brasil Ltda,2015-05-19,319238,1932.76,NFe35150505300331000241550010003192381777154081
05300331000241,Dairy Partners Americas Brasil Ltda,2015-05-23,321157,86580.46,NFe35150505300331000241550010003211571253206268
05300331000241,Dairy Partners Americas Brasil Ltda,2015-05-23,321158,38755.81,NFe35150505300331000241550010003211581034365708
05300331000241,Dairy Partners Americas Brasil Ltda,2015-05-23,321159,4670.85,NFe35150505300331000241550010003211591846044580
05300331000241,Dairy Partners Americas Brasil Ltda,2015-05-23,321160,4216.34,NFe35150505300331000241550010003211601646418703
05300331000241,Dairy Partners Americas Brasil Ltda,2015-05-27,322840,4216.34,NFe35150505300331000241550010003228401111529739
05300331000241,Dairy Partners Americas Brasil Ltda,2015-05-27,322841,7731.05,NFe35150505300331000241550010003228411062094204
05300331000241,Dairy Partners Americas Brasil Ltda,2015-05-27,322848,37957.28,NFe35150505300331000241550010003228481589872615
05300331000241,Dairy Partners Americas Brasil Ltda,2015-05-27,322854,81560.79,NFe35150505300331000241550010003228541884960977
05300331000241,Dairy Partners Americas Brasil Ltda,2015-06-12,328501,92009.67,NFe35150605300331000241550010003285011991489365
05300331000241,Dairy Partners Americas Brasil Ltda,2015-06-12,328502,35618.9,NFe35150605300331000241550010003285021225597060
05300331000241,Dairy Partners Americas Brasil Ltda,2015-06-12,328503,13.78,NFe35150605300331000241550010003285031907816953
05300331000241,Dairy Partners Americas Brasil Ltda,2015-06-12,328504,8616.58,NFe35150605300331000241550010003285041988833940
05300331000241,Dairy Partners Americas Brasil Ltda,2015-06-12,328505,3627.38,NFe35150605300331000241550010003285051512690773
05300331000241,Dairy Partners Americas Brasil Ltda,2015-06-18,330573,95472.34,NFe35150605300331000241550010003305731628761585
05300331000241,Dairy Partners Americas Brasil Ltda,2015-06-18,330574,42985.78,NFe35150605300331000241550010003305741282874937
05300331000241,Dairy Partners Americas Brasil Ltda,2015-06-18,330575,5441.12,NFe35150605300331000241550010003305751765676347
05300331000241,Dairy Partners Americas Brasil Ltda,2015-06-18,330576,9350.1,NFe35150605300331000241550010003305761783097890
05300331000241,Dairy Partners Americas Brasil Ltda,2015-06-23,332338,96985.84,NFe35150605300331000241550010003323381172332392
05300331000241,Dairy Partners Americas Brasil Ltda,2015-06-23,332339,29052.33,NFe35150605300331000241550010003323391142491350
05300331000241,Dairy Partners Americas Brasil Ltda,2015-06-23,332340,2077.8,NFe35150605300331000241550010003323401810405699
05300331000241,Dairy Partners Americas Brasil Ltda,2015-06-23,332341,2720.57,NFe35150605300331000241550010003323411113561408
05300331000241,Dairy Partners Americas Brasil Ltda,2015-07-11,339440,34080.98,NFe35150705300331000241550010003394401827376620
05300331000241,Dairy Partners Americas Brasil Ltda,2015-07-11,339441,16107.69,NFe35150705300331000241550010003394411274210144
05300331000241,Dairy Partners Americas Brasil Ltda,2015-07-11,339443,7577.69,NFe35150705300331000241550010003394431071536880
05300331000241,Dairy Partners Americas Brasil Ltda,2015-07-11,339447,66332.41,NFe35150705300331000241550010003394471503669666
05300331000241,Dairy Partners Americas Brasil Ltda,2015-07-11,339448,5647.22,NFe35150705300331000241550010003394481852244498
05300331000241,Dairy Partners Americas Brasil Ltda,2015-07-18,342183,97965.1,NFe35150705300331000241550010003421831503379910
05300331000241,Dairy Partners Americas Brasil Ltda,2015-07-18,342184,31218.28,NFe35150705300331000241550010003421841971449621
05300331000241,Dairy Partners Americas Brasil Ltda,2015-07-31,348479,9413.15,NFe35150705300331000241550010003484791422411319
05300331000241,Dairy Partners Americas Brasil Ltda,2015-07-31,348521,66834.76,NFe35150705300331000241550010003485211400071480
05300331000241,Dairy Partners Americas Brasil Ltda,2015-07-31,348522,27972.31,NFe35150705300331000241550010003485221210947161
05300331000241,Dairy Partners Americas Brasil Ltda,2015-07-31,348523,15023.31,NFe35150705300331000241550010003485231954621105
05300331000241,Dairy Partners Americas Brasil Ltda,2015-08-22,357684,102613.48,NFe35150805300331000241550010003576841757091395
05300331000241,Dairy Partners Americas Brasil Ltda,2015-08-22,357685,3510.66,NFe35150805300331000241550010003576851007824342
05300331000241,Dairy Partners Americas Brasil Ltda,2015-08-22,357686,18803.87,NFe35150805300331000241550010003576861585915543
05300331000241,Dairy Partners Americas Brasil Ltda,2015-08-27,359550,82632.01,NFe35150805300331000241550010003595501039715814
05300331000241,Dairy Partners Americas Brasil Ltda,2015-08-27,359551,2271.59,NFe35150805300331000241550010003595511913461118
05300331000241,Dairy Partners Americas Brasil Ltda,2015-08-27,359552,23171.46,NFe35150805300331000241550010003595521845903715
05300331000241,Dairy Partners Americas Brasil Ltda,2015-08-31,361706,27102.83,NFe35150805300331000241550010003617061611948041
05300331000241,Dairy Partners Americas Brasil Ltda,2015-08-31,361707,35237.9,NFe35150805300331000241550010003617071715217873
05300331000241,Dairy Partners Americas Brasil Ltda,2015-09-12,366340,110978.53,NFe35150905300331000241550010003663401203051088
05300331000241,Dairy Partners Americas Brasil Ltda,2015-09-12,366341,6608.28,NFe35150905300331000241550010003663411540484092
05300331000241,Dairy Partners Americas Brasil Ltda,2015-09-19,369080,89922.9,NFe35150905300331000241550010003690801571546974
05300331000241,Dairy Partners Americas Brasil Ltda,2015-09-19,369081,11151.48,NFe35150905300331000241550010003690811682560948
05300331000241,Dairy Partners Americas Brasil Ltda,2015-09-19,369082,23643.49,NFe35150905300331000241550010003690821033606278
05300331000241,Dairy Partners Americas Brasil Ltda,2015-09-26,371796,128120.61,NFe35150905300331000241550010003717961003270248
05300331000241,Dairy Partners Americas Brasil Ltda,2015-09-26,371797,18276.96,NFe35150905300331000241550010003717971090628305
05300331000241,Dairy Partners Americas Brasil Ltda,2015-09-28,372329,110534.08,NFe35150905300331000241550010003723291914942419
05300331000241,Dairy Partners Americas Brasil Ltda,2015-09-28,372330,8673.36,NFe35150905300331000241550010003723301539265899
05300331000241,Dairy Partners Americas Brasil Ltda,2015-09-28,372331,14097.04,NFe35150905300331000241550010003723311133358925
05300331000241,Dairy Partners Americas Brasil Ltda,2015-09-30,373690,81157.92,NFe35150905300331000241550010003736901226439960
05300331000241,Dairy Partners Americas Brasil Ltda,2015-09-30,373691,130849.73,NFe35150905300331000241550010003736911635971924
05300331000241,Dairy Partners Americas Brasil Ltda,2015-09-30,373693,53924.93,NFe35150905300331000241550010003736931029079113
05300331000241,Dairy Partners Americas Brasil Ltda,2015-10-16,377776,125275.58,NFe35151005300331000241550010003777761345861201
05300331000241,Dairy Partners Americas Brasil Ltda,2015-10-16,377777,4670.49,NFe35151005300331000241550010003777771804339850
05300331000241,Dairy Partners Americas Brasil Ltda,2015-10-29,381703,128959.35,NFe35151005300331000241550010003817031188499381
05300331000241,Dairy Partners Americas Brasil Ltda,2015-10-31,382475,128025.96,NFe35151005300331000241550010003824751900256200
05300331000241,Dairy Partners Americas Brasil Ltda,2015-10-31,382544,70988.78,NFe35151005300331000241550010003825441595280156
05300331000241,Dairy Partners Americas Brasil Ltda,2015-11-25,388868,848.25,NFe35151105300331000241550010003888681714803733
05300331000241,Dairy Partners Americas Brasil Ltda,2015-11-25,388869,140857.09,NFe35151105300331000241550010003888691005638290
05300331000241,Dairy Partners Americas Brasil Ltda,2015-11-28,390078,133279.98,NFe35151105300331000241550010003900781328315780
05300331000241,Dairy Partners Americas Brasil Ltda,2015-11-30,391000,129770.63,NFe35151105300331000241550010003910001327471755
21229645000766,ELEBAT ALIMENTOS S.A.,2016-01-29,128035,21890.52,NFe41160121229645000766550010001280351564256560
21229645000766,ELEBAT ALIMENTOS S.A.,2016-01-29,128036,23729.6,NFe41160121229645000766550010001280361564413264
21229645000766,ELEBAT ALIMENTOS S.A.,2016-02-06,133501,52919.54,NFe41160221229645000766550010001335011193931080
21229645000766,ELEBAT ALIMENTOS S.A.,2016-02-06,133502,6782.4,NFe41160221229645000766550010001335021195780117
21229645000766,ELEBAT ALIMENTOS S.A.,2016-02-16,137343,48739.04,NFe41160221229645000766550010001373431168733669
21229645000766,ELEBAT ALIMENTOS S.A.,2016-02-16,137344,15709.32,NFe41160221229645000766550010001373441168874693
21229645000766,ELEBAT ALIMENTOS S.A.,2016-02-19,139881,36440.8,NFe41160221229645000766550010001398811931225114
21229645000766,ELEBAT ALIMENTOS S.A.,2016-02-19,139882,2145.0,NFe41160221229645000766550010001398821931287796
21229645000766,ELEBAT ALIMENTOS S.A.,2016-02-24,142273,2058.24,NFe41160221229645000766550010001422731711268792
21229645000766,ELEBAT ALIMENTOS S.A.,2016-02-29,144818,54099.0,NFe41160221229645000766550010001448181847469889
21229645000766,ELEBAT ALIMENTOS S.A.,2016-03-08,149208,43862.94,NFe41160321229645000766550010001492081402023709
21229645000766,ELEBAT ALIMENTOS S.A.,2016-03-08,149252,91238.58,NFe41160321229645000766550010001492521581238460
21229645000766,ELEBAT ALIMENTOS S.A.,2016-03-16,153787,76549.56,NFe41160321229645000766550010001537871102713464
21229645000766,ELEBAT ALIMENTOS S.A.,2016-03-30,161046,99192.48,NFe41160321229645000766550010001610461842881690
21229645000766,ELEBAT ALIMENTOS S.A.,2016-04-12,168046,92785.74,NFe41160421229645000766550010001680461350802130
21229645000766,ELEBAT ALIMENTOS S.A.,2016-04-12,168047,2101.68,NFe41160421229645000766550010001680471351084190
60409075012401,Nestle Brasil Ltda.,2013-09-10,155406,1977.65,NFe53130960409075012401550010001554061275839212
60409075012401,Nestle Brasil Ltda.,2013-09-25,158953,2923.51,NFe53130960409075012401550010001589531303997060
60409075012401,Nestle Brasil Ltda.,2013-09-25,158954,508.05,NFe53130960409075012401550010001589541305950475
60409075012401,Nestle Brasil Ltda.,2013-10-07,161338,2018.0,NFe53131060409075012401550010001613381602028894
60409075012401,Nestle Brasil Ltda.,2013-10-07,161339,669.21,NFe53131060409075012401550010001613391146109693
60409075012401,Nestle Brasil Ltda.,2013-10-07,161340,1146.72,NFe53131060409075012401550010001613401328384925
60409075012401,Nestle Brasil Ltda.,2013-10-07,161341,449.46,NFe53131060409075012401550010001613411633345803
60409075012401,Nestle Brasil Ltda.,2013-10-07,161342,1043.6,NFe53131060409075012401550010001613421805449838
60409075012401,Nestle Brasil Ltda.,2013-10-07,161343,214.14,NFe53131060409075012401550010001613431579033610
60409075012401,Nestle Brasil Ltda.,2013-10-23,165324,1583.78,NFe53131060409075012401550010001653241229581000
60409075012401,Nestle Brasil Ltda.,2013-10-23,165325,524.58,NFe53131060409075012401550010001653251030884405
60409075012401,Nestle Brasil Ltda.,2013-10-23,165326,1009.66,NFe53131060409075012401550010001653261551067763
60409075012401,Nestle Brasil Ltda.,2013-10-23,165327,596.29,NFe53131060409075012401550010001653271411283177
60409075012401,Nestle Brasil Ltda.,2013-10-23,165328,521.22,NFe53131060409075012401550010001653281768458939
60409075012401,Nestle Brasil Ltda.,2013-11-05,168023,1003.21,NFe53131160409075012401550010001680231379087560
60409075012401,Nestle Brasil Ltda.,2013-11-05,168024,1163.17,NFe53131160409075012401550010001680241972180805
60409075012401,Nestle Brasil Ltda.,2013-11-05,168025,1319.81,NFe53131160409075012401550010001680251740008288
05300331001990,Dairy Partners Americas Brasil Ltda,2014-07-31,64079,29473.07,NFe53140705300331001990550010000640791886048451
05300331001990,Dairy Partners Americas Brasil Ltda,2014-10-09,67736,2593.63,NFe53141005300331001990550010000677361074602170
05300331001990,Dairy Partners Americas Brasil Ltda,2014-10-09,67737,697.87,NFe53141005300331001990550010000677371800543504
67795914000248,COM. IND. MASSAS ALIM. MASSA LEVE LTDA,2013-10-14,407202,5902.26,NFe35131067795914000248550010004072021491228013
67795914000248,COM. IND. MASSAS ALIM. MASSA LEVE LTDA,2013-10-18,409057,5670.72,NFe35131067795914000248550010004090571419104539
67795914000248,COM. IND. MASSAS ALIM. MASSA LEVE LTDA,2013-12-09,426393,5639.82,NFe35131267795914000248550010004263931465703990
67795914000248,COM. IND. MASSAS ALIM. MASSA LEVE LTDA,2014-04-11,472460,6289.11,NFe35140467795914000248550010004724601463156535
67795914000248,COM. IND. MASSAS ALIM. MASSA LEVE LTDA,2014-05-16,484921,3112.0,NFe35140567795914000248550010004849211486766556
67795914000248,COM. IND. MASSAS ALIM. MASSA LEVE LTDA,2014-06-18,496889,5906.56,NFe35140667795914000248550010004968891482973899
67795914000248,COM. IND. MASSAS ALIM. MASSA LEVE LTDA,2014-06-27,500729,401.04,NFe35140667795914000248550010005007291451423667
67795914000248,COM. IND. MASSAS ALIM. MASSA LEVE LTDA,2014-06-28,500957,4570.44,NFe35140667795914000248550010005009571438596745
67795914000248,COM. IND. MASSAS ALIM. MASSA LEVE LTDA,2014-07-04,503380,3230.42,NFe35140767795914000248550010005033801414173154
67795914000248,COM. IND. MASSAS ALIM. MASSA LEVE LTDA,2014-07-04,503381,5832.0,NFe35140767795914000248550010005033811428526639
67795914000248,COM. IND. MASSAS ALIM. MASSA LEVE LTDA,2014-07-11,505599,2260.17,NFe35140767795914000248550010005055991472457447
67795914000248,COM. IND. MASSAS ALIM. MASSA LEVE LTDA,2014-07-11,505600,5340.0,NFe35140767795914000248550010005056001494538337
67795914000248,COM. IND. MASSAS ALIM. MASSA LEVE LTDA,2014-07-18,508370,4538.97,NFe35140767795914000248550010005083701483424728
67795914000248,COM. IND. MASSAS ALIM. MASSA LEVE LTDA,2014-07-18,508371,2432.0,NFe35140767795914000248550010005083711423286580
67795914000248,COM. IND. MASSAS ALIM. MASSA LEVE LTDA,2014-07-25,511483,2735.52,NFe35140767795914000248550010005114831400997941
67795914000248,COM. IND. MASSAS ALIM. MASSA LEVE LTDA,2014-07-25,511484,253.44,NFe35140767795914000248550010005114841432687031
67795914000248,COM. IND. MASSAS ALIM. MASSA LEVE LTDA,2014-07-25,511486,1568.64,NFe35140767795914000248550010005114861454794986
67795914000248,COM. IND. MASSAS ALIM. MASSA LEVE LTDA,2014-07-25,511487,4759.2,NFe35140767795914000248550010005114871452434467
67795914000248,COM. IND. MASSAS ALIM. MASSA LEVE LTDA,2014-08-22,522495,5447.04,NFe35140867795914000248550010005224951405391823
67795914000248,COM. IND. MASSAS ALIM. MASSA LEVE LTDA,2014-08-22,522496,8713.68,NFe35140867795914000248550010005224961443878588
67795914000248,COM. IND. MASSAS ALIM. MASSA LEVE LTDA,2014-08-29,525455,5447.04,NFe35140867795914000248550010005254551418828271
67795914000248,COM. IND. MASSAS ALIM. MASSA LEVE LTDA,2014-08-29,525456,8713.68,NFe35140867795914000248550010005254561455108454
